{
  "appKey": "9610cd28ff7e2d139b98831ab5007fb5",
  "authHost": "http://nginx",
  "authEndpoint": "/api/broadcasting/auth",
  "clients": [
    {
      "appId": "fanalux-server-client-id",
      "key": "c67cb99cb544032bb64bcb7ce10f45ee"
    }
  ],
  "database": "redis",
  "databaseConfig": {
    "redis": {
      "port": "6379",
      "host": "redis"
    }
  },
  "devMode": true,
  "host": null,
  "port": "6001",
  "protocol": "http",
  "socketio": {},
  "sslCertPath": "",
  "sslKeyPath": "",
  "apiOriginAllow": {
    "allowCors": false,
    "allowOrigin": "http://localhost:8080",
    "allowMethods": "GET, POST",
    "allowHeaders":
      "Origin, Content-Type, X-Auth-Token, X-Requested-With, Accept, Authorization, X-CSRF-TOKEN, X-Socket-Id"
  }
}
